[
  {
    "value": "highest",
    "synonyms": [
      "highest",
      "most",
      "greatest",
      "great",
      "best",
      "high",
      "largest",
      "biggest",
      "big",
      "large",
      "huge",
      "max",
      "maximum",
      "top",
      "supreme",
      "best",
      "mostly",
      "great",
      "good"
    ]
  },
  {
    "value": "lowest",
    "synonyms": [
      "lowest",
      "least",
      "smallest",
      "worst",
      "small",
      "min",
      "minimum",
      "bottom",
      "last",
      "bottom",
      "poor"
    ]
  },
  {
    "value": "below_border",
    "synonyms": [
      "below_border",
      "fail",
      "defaulter",
      "below",
      "failed",
      "failure"
    ]
  }
]