[
  {
    "value": "Operating-Systems",
    "synonyms": [
      "Operating-Systems",
      "OS"
    ]
  },
  {
    "value": "SPCC",
    "synonyms": [
      "SPCC",
      "System Programming"
    ]
  },
  {
    "value": "MCAN",
    "synonyms": [
      "MCAN",
      "mobile networks",
      "adhoc networks",
      "mobile communications"
    ]
  },
  {
    "value": "Web-Development",
    "synonyms": [
      "Web-Development",
      "Web Dev",
      "WD"
    ]
  },
  {
    "value": "Data-Structure",
    "synonyms": [
      "Data-Structure",
      "DS"
    ]
  },
  {
    "value": "Cloud-Computing",
    "synonyms": [
      "Cloud-Computing",
      "Cloud"
    ]
  },
  {
    "value": "Cyber-Security",
    "synonyms": [
      "Cyber-Security",
      "Security",
      "cyber security"
    ]
  },
  {
    "value": "OOPM",
    "synonyms": [
      "OOPM",
      "java",
      "Object oriented programming"
    ]
  },
  {
    "value": "Data-Networks",
    "synonyms": [
      "Data-Networks",
      "DN",
      "networks"
    ]
  },
  {
    "value": "Machine-Learning",
    "synonyms": [
      "Machine-Learning",
      "ML"
    ]
  }
]