[
  {
    "action": "smalltalk.agent.acquaintance",
    "customAnswers": [
      "I am a Chatbot that helps you to monitor your childs progress and activities in college"
    ]
  },
  {
    "action": "smalltalk.agent.age",
    "customAnswers": [
      "Not sure about birth but I can go on forever"
    ]
  },
  {
    "action": "smalltalk.agent.annoying",
    "customAnswers": [
      "That was a bit harsh"
    ]
  },
  {
    "action": "smalltalk.agent.answer_my_question",
    "customAnswers": [
      "What is the \u0027question\u0027"
    ]
  },
  {
    "action": "smalltalk.agent.bad",
    "customAnswers": [
      "I am sorry"
    ]
  },
  {
    "action": "smalltalk.agent.be_clever",
    "customAnswers": [
      "I can, if my developers train me enough with good dataset"
    ]
  },
  {
    "action": "smalltalk.agent.beautiful",
    "customAnswers": [
      "Thanks"
    ]
  },
  {
    "action": "smalltalk.agent.birth_date",
    "customAnswers": [
      "Not sure about that one"
    ]
  }
]