[
  {
    "id": "c0a82a11-326c-4d70-87ce-737acc459aef",
    "data": [
      {
        "text": "talk to him",
        "userDefined": false
      }
    ],
    "isTemplate": false,
    "count": 0
  },
  {
    "id": "7904448f-3f1a-46be-bc49-380b8daf0e91",
    "data": [
      {
        "text": "Talk to her",
        "userDefined": false
      }
    ],
    "isTemplate": false,
    "count": 0
  },
  {
    "id": "ea6b0566-a729-4937-80c3-bad38b8fb8f9",
    "data": [
      {
        "text": "send a text to her",
        "userDefined": false
      }
    ],
    "isTemplate": false,
    "count": 0
  },
  {
    "id": "32d03b2b-6ba4-416e-b663-c5ef75d29767",
    "data": [
      {
        "text": "send a message to him",
        "userDefined": false
      }
    ],
    "isTemplate": false,
    "count": 0
  },
  {
    "id": "7e33a5f9-9b36-426e-8de9-6a4999fb86bd",
    "data": [
      {
        "text": "send a message",
        "userDefined": false
      }
    ],
    "isTemplate": false,
    "count": 0
  },
  {
    "id": "6e607a59-c63d-4238-ac2c-c84ea914d936",
    "data": [
      {
        "text": "text him",
        "userDefined": false
      }
    ],
    "isTemplate": false,
    "count": 0
  },
  {
    "id": "47c43043-d27f-469e-9a71-be332cbfd5f1",
    "data": [
      {
        "text": "text her",
        "userDefined": false
      }
    ],
    "isTemplate": false,
    "count": 0
  },
  {
    "id": "0d43011e-d441-47b5-97e3-bded8e4a2256",
    "data": [
      {
        "text": "call him",
        "userDefined": false
      }
    ],
    "isTemplate": false,
    "count": 0
  },
  {
    "id": "d903ee01-250b-40fc-a64f-80bc98fe07fb",
    "data": [
      {
        "text": "call her",
        "userDefined": false
      }
    ],
    "isTemplate": false,
    "count": 0
  },
  {
    "id": "a7c37bf3-c949-4568-90ed-d589c59fc17d",
    "data": [
      {
        "text": "contact him",
        "userDefined": false
      }
    ],
    "isTemplate": false,
    "count": 0
  },
  {
    "id": "165763ed-0ddc-4083-9a38-f68ee155dcfc",
    "data": [
      {
        "text": "Contact her",
        "userDefined": false
      }
    ],
    "isTemplate": false,
    "count": 0
  }
]