[
  {
    "id": "6c492cb1-5b7f-482e-98fa-d8fa9ccf3055",
    "data": [
      {
        "text": "send message",
        "userDefined": false
      }
    ],
    "isTemplate": false,
    "count": 0
  },
  {
    "id": "c3aede45-b054-48ce-8440-d9fdc3ad7734",
    "data": [
      {
        "text": "text him",
        "userDefined": false
      }
    ],
    "isTemplate": false,
    "count": 0
  },
  {
    "id": "4231a556-9dbe-4c9b-ab0d-dc42b8bda276",
    "data": [
      {
        "text": "talk to her",
        "userDefined": false
      }
    ],
    "isTemplate": false,
    "count": 0
  },
  {
    "id": "169d0002-a0c2-4b3b-a81d-1cc37208c6bf",
    "data": [
      {
        "text": "talk to him",
        "userDefined": false
      }
    ],
    "isTemplate": false,
    "count": 0
  },
  {
    "id": "569912f0-af30-4098-8fe0-99cbcb9b3b0e",
    "data": [
      {
        "text": "send a text message to him",
        "userDefined": false
      }
    ],
    "isTemplate": false,
    "count": 0
  },
  {
    "id": "31125d69-056e-4c9a-a11a-54b1a219e5c9",
    "data": [
      {
        "text": "contact him",
        "userDefined": false
      }
    ],
    "isTemplate": false,
    "count": 0
  },
  {
    "id": "e49cab97-4675-44cb-9043-ea8149dc0a44",
    "data": [
      {
        "text": "send a text message to her",
        "userDefined": false
      }
    ],
    "isTemplate": false,
    "count": 0
  },
  {
    "id": "dfe2fadd-a02d-43b8-a578-908848b255cf",
    "data": [
      {
        "text": "text her",
        "userDefined": false
      }
    ],
    "isTemplate": false,
    "count": 0
  },
  {
    "id": "33a9091a-019c-472b-87d3-cad48ccae917",
    "data": [
      {
        "text": "contact her",
        "userDefined": false
      }
    ],
    "isTemplate": false,
    "count": 0
  }
]