[
  {
    "id": "8d73a27c-3a60-45e5-8652-c5c3ec69b4d9",
    "data": [
      {
        "text": "who is professor ",
        "userDefined": false
      },
      {
        "text": "kjasjgkd",
        "alias": "teacher_name",
        "meta": "@sys.any",
        "userDefined": true
      }
    ],
    "isTemplate": false,
    "count": 0
  },
  {
    "id": "c7a5f3fc-c2ca-43a1-afca-c730771e6da2",
    "data": [
      {
        "text": "who is suchita patil",
        "userDefined": false
      }
    ],
    "isTemplate": false,
    "count": 0,
    "updated": 0
  },
  {
    "id": "bace534b-a491-4597-9c95-42553d21cc67",
    "data": [
      {
        "text": "what does prof ",
        "userDefined": false
      },
      {
        "text": "suchita",
        "alias": "teacher_name",
        "meta": "@sys.any",
        "userDefined": true
      },
      {
        "text": " teach",
        "userDefined": false
      }
    ],
    "isTemplate": false,
    "count": 0
  },
  {
    "id": "8d984ac0-1579-4d65-b22e-a4de1783db4e",
    "data": [
      {
        "text": "which subjects are taught by professor ",
        "userDefined": false
      },
      {
        "text": "suchita",
        "alias": "teacher_name",
        "meta": "@sys.any",
        "userDefined": true
      }
    ],
    "isTemplate": false,
    "count": 0
  },
  {
    "id": "3bc96066-2fa8-4f17-860c-d9ead6959fba",
    "data": [
      {
        "text": "what subjects are taught by professor ",
        "userDefined": false
      },
      {
        "text": "suchita",
        "alias": "teacher_name",
        "meta": "@sys.any",
        "userDefined": true
      }
    ],
    "isTemplate": false,
    "count": 0
  },
  {
    "id": "0764410c-8d0f-4c46-a70f-5afdbfebcc0e",
    "data": [
      {
        "text": "who is prof ",
        "userDefined": false
      },
      {
        "text": "suchita",
        "alias": "teacher_name",
        "meta": "@sys.any",
        "userDefined": true
      }
    ],
    "isTemplate": false,
    "count": 0
  },
  {
    "id": "c3e59d37-0af1-4380-9573-2e1242090532",
    "data": [
      {
        "text": "tell me about prof ",
        "userDefined": false
      },
      {
        "text": "suchita",
        "alias": "teacher_name",
        "meta": "@sys.any",
        "userDefined": true
      }
    ],
    "isTemplate": false,
    "count": 0
  },
  {
    "id": "38d1cf25-5b08-481c-ae8c-122bc96867d7",
    "data": [
      {
        "text": "tell me about ",
        "userDefined": false
      },
      {
        "text": "prof",
        "meta": "@sys.ignore",
        "userDefined": true
      },
      {
        "text": " ",
        "userDefined": false
      },
      {
        "text": "suchita patil",
        "alias": "teacher_name",
        "meta": "@sys.any",
        "userDefined": true
      }
    ],
    "isTemplate": false,
    "count": 0
  },
  {
    "id": "a1891ccd-4d1a-4141-b3a1-d151aa50a2ca",
    "data": [
      {
        "text": "what does prof ",
        "userDefined": false
      },
      {
        "text": "suchita patil",
        "alias": "teacher_name",
        "meta": "@sys.any",
        "userDefined": true
      },
      {
        "text": " teach",
        "userDefined": false
      }
    ],
    "isTemplate": false,
    "count": 0
  },
  {
    "id": "cde91468-8095-4df2-9a8b-7fe7ae279d32",
    "data": [
      {
        "text": "What subjects are taught by professor ",
        "userDefined": false
      },
      {
        "text": "suchita patil",
        "alias": "teacher_name",
        "meta": "@sys.any",
        "userDefined": true
      }
    ],
    "isTemplate": false,
    "count": 0
  },
  {
    "id": "46e46418-d642-4838-ab58-b21d0b884db3",
    "data": [
      {
        "text": "Which subjects are taught by Prof ",
        "userDefined": false
      },
      {
        "text": "Suchita Patil",
        "alias": "teacher_name",
        "meta": "@sys.any",
        "userDefined": true
      }
    ],
    "isTemplate": false,
    "count": 0
  },
  {
    "id": "cc2cfcff-9641-49ea-bc58-165e391c5a84",
    "data": [
      {
        "text": "Who is Prof. ",
        "userDefined": false
      },
      {
        "text": "Suchita Patil",
        "alias": "teacher_name",
        "meta": "@sys.any",
        "userDefined": true
      }
    ],
    "isTemplate": false,
    "count": 0
  }
]