[
  {
    "id": "a46f7cf2-d46c-400a-893a-3c420983002e",
    "data": [
      {
        "text": "What is ",
        "userDefined": false
      },
      {
        "text": "symphony",
        "alias": "any",
        "meta": "@sys.any",
        "userDefined": true
      }
    ],
    "isTemplate": false,
    "count": 0
  },
  {
    "id": "f7373028-db09-43a3-b1a6-05cf1d8d7df8",
    "data": [
      {
        "text": "describe ",
        "userDefined": false
      },
      {
        "text": "prakalpa",
        "alias": "any",
        "meta": "@sys.any",
        "userDefined": true
      }
    ],
    "isTemplate": false,
    "count": 0
  },
  {
    "id": "8c4ee6d7-fd2b-4c03-b7a6-40fc6297e397",
    "data": [
      {
        "text": "what is the event ",
        "userDefined": false
      },
      {
        "text": "prakalps",
        "alias": "any",
        "meta": "@sys.any",
        "userDefined": true
      }
    ],
    "isTemplate": false,
    "count": 0
  },
  {
    "id": "f5a8ee05-ff28-4940-a8ff-626d14ed4226",
    "data": [
      {
        "text": "what is ",
        "userDefined": false
      },
      {
        "text": "prakalpa",
        "alias": "any",
        "meta": "@sys.any",
        "userDefined": true
      }
    ],
    "isTemplate": false,
    "count": 0
  },
  {
    "id": "374fcbfb-2e43-4300-96f3-b287f76a6791",
    "data": [
      {
        "text": "know more about ",
        "userDefined": false
      },
      {
        "text": "prakalpa",
        "alias": "any",
        "meta": "@sys.any",
        "userDefined": true
      }
    ],
    "isTemplate": false,
    "count": 0
  },
  {
    "id": "8786dbda-c4a8-4fed-b1ec-bb40f728338d",
    "data": [
      {
        "text": "tell me about ",
        "userDefined": false
      },
      {
        "text": "symphony",
        "alias": "any",
        "meta": "@sys.any",
        "userDefined": true
      }
    ],
    "isTemplate": false,
    "count": 0
  },
  {
    "id": "e7423930-245e-4760-93be-722cbf7226bd",
    "data": [
      {
        "text": "tell me about ",
        "userDefined": false
      },
      {
        "text": "prakalpa",
        "alias": "any",
        "meta": "@sys.any",
        "userDefined": true
      }
    ],
    "isTemplate": false,
    "count": 0
  },
  {
    "id": "0dab0064-760d-488e-a717-c7a250c6cec7",
    "data": [
      {
        "text": "prakalpa",
        "alias": "any",
        "meta": "@sys.any",
        "userDefined": true
      }
    ],
    "isTemplate": false,
    "count": 0
  },
  {
    "id": "3c766ece-4a3b-4681-9af0-cb0b0b9d176e",
    "data": [
      {
        "text": "symphony",
        "alias": "any",
        "meta": "@sys.any",
        "userDefined": true
      }
    ],
    "isTemplate": false,
    "count": 0
  },
  {
    "id": "aecadc4b-e209-43e7-9d3d-62db55ba0ba7",
    "data": [
      {
        "text": "abhiyantriki",
        "alias": "any",
        "meta": "@sys.any",
        "userDefined": true
      }
    ],
    "isTemplate": false,
    "count": 0
  }
]