[
  {
    "id": "3d351b0c-b73a-4dea-88b9-ec633358083e",
    "data": [
      {
        "text": "events",
        "userDefined": false
      }
    ],
    "isTemplate": false,
    "count": 1
  },
  {
    "id": "a550c8f7-03f7-4cf0-ab56-c88d553a2aa8",
    "data": [
      {
        "text": "workshops",
        "userDefined": false
      }
    ],
    "isTemplate": false,
    "count": 0
  },
  {
    "id": "2f656143-3677-4d53-9e49-1a6a00fc4828",
    "data": [
      {
        "text": "events in college",
        "userDefined": false
      }
    ],
    "isTemplate": false,
    "count": 0
  },
  {
    "id": "718fd78d-8bb5-4721-86e6-7d99b89c2fd5",
    "data": [
      {
        "text": "workshops in college",
        "userDefined": false
      }
    ],
    "isTemplate": false,
    "count": 1
  },
  {
    "id": "e8662140-5ee4-4307-bb6b-f22d2ceb42c5",
    "data": [
      {
        "text": "tell me something about workshops",
        "userDefined": false
      }
    ],
    "isTemplate": false,
    "count": 1
  },
  {
    "id": "4f0f2cf9-360a-44db-9a23-2db05bebdb0e",
    "data": [
      {
        "text": "tell me something about upcoming workshops",
        "userDefined": false
      }
    ],
    "isTemplate": false,
    "count": 0
  },
  {
    "id": "ee4705f5-44c7-40af-aa0b-7a67312df816",
    "data": [
      {
        "text": "what are the upcoming workshop in the college",
        "userDefined": false
      }
    ],
    "isTemplate": false,
    "count": 0
  },
  {
    "id": "2006ee8e-ec18-4701-a429-ed92e03204e2",
    "data": [
      {
        "text": "what workshops are coming up",
        "userDefined": false
      }
    ],
    "isTemplate": false,
    "count": 0
  },
  {
    "id": "5fb8b54a-bb92-46eb-873b-6897751a831e",
    "data": [
      {
        "text": "What events are coming up",
        "userDefined": false
      }
    ],
    "isTemplate": false,
    "count": 0
  },
  {
    "id": "7098548b-f80a-464b-a20e-b82b92b421b6",
    "data": [
      {
        "text": "what are the upcoming events in the college",
        "userDefined": false
      }
    ],
    "isTemplate": false,
    "count": 0
  },
  {
    "id": "01b90282-1e78-4e41-87db-29a589327445",
    "data": [
      {
        "text": "tell me something about upcoming events",
        "userDefined": false
      }
    ],
    "isTemplate": false,
    "count": 0
  },
  {
    "id": "be381e21-a352-4201-bbd3-9cbfa6a7a68c",
    "data": [
      {
        "text": "tell me something about events",
        "userDefined": false
      }
    ],
    "isTemplate": false,
    "count": 0
  },
  {
    "id": "a598e4a1-81cc-4b83-83a1-0d1d22e01774",
    "data": [
      {
        "text": "what are the upcoming events in college",
        "userDefined": false
      }
    ],
    "isTemplate": false,
    "count": 1
  },
  {
    "id": "5aa3b738-ecbd-4c21-b7e4-fcfa8cfc3046",
    "data": [
      {
        "text": "future events",
        "userDefined": false
      }
    ],
    "isTemplate": false,
    "count": 0
  },
  {
    "id": "db4b35d9-fee0-4940-8c6b-326ff5d1c7dc",
    "data": [
      {
        "text": "next events",
        "userDefined": false
      }
    ],
    "isTemplate": false,
    "count": 0
  },
  {
    "id": "0dbeb21a-5ecb-4be3-bc09-3f8b405a85b3",
    "data": [
      {
        "text": "upcoming events",
        "userDefined": false
      }
    ],
    "isTemplate": false,
    "count": 1
  }
]