[
  {
    "id": "639fe72d-36e7-4f97-a066-b78aa809a79c",
    "data": [
      {
        "text": "when is the last day to pay fees for ",
        "userDefined": false
      },
      {
        "text": "3",
        "alias": "year_map",
        "meta": "@year_map",
        "userDefined": true
      },
      {
        "text": "rd year",
        "userDefined": false
      }
    ],
    "isTemplate": false,
    "count": 0
  },
  {
    "id": "b363bee3-32aa-44c2-b5ea-fa3bf2d703df",
    "data": [
      {
        "text": "when is the ",
        "userDefined": false
      },
      {
        "text": "last",
        "meta": "@sys.ignore",
        "userDefined": false
      },
      {
        "text": " date to pay fees",
        "userDefined": false
      }
    ],
    "isTemplate": false,
    "count": 0
  },
  {
    "id": "f017daf3-7dfd-4e02-8e60-3a4a269e5209",
    "data": [
      {
        "text": "what is the fees amount",
        "userDefined": false
      }
    ],
    "isTemplate": false,
    "count": 0
  },
  {
    "id": "7bb6f832-5b73-4b80-bf88-eb105b8e1251",
    "data": [
      {
        "text": "fees",
        "userDefined": false
      }
    ],
    "isTemplate": false,
    "count": 0
  },
  {
    "id": "99b7c8a3-3cf6-45fd-8511-9cfcb84e4e84",
    "data": [
      {
        "text": "when do i need to pay fees",
        "userDefined": false
      }
    ],
    "isTemplate": false,
    "count": 0
  },
  {
    "id": "0318acae-c927-43cd-bb7f-beecf830b60c",
    "data": [
      {
        "text": "tell me the fees for ",
        "userDefined": false
      },
      {
        "text": "current year",
        "meta": "@sys.ignore",
        "userDefined": false
      }
    ],
    "isTemplate": false,
    "count": 0
  },
  {
    "id": "14bbbc89-4ef4-47a6-ae9f-d209185c15be",
    "data": [
      {
        "text": "what is the fees for ",
        "userDefined": false
      },
      {
        "text": "second",
        "alias": "year_map",
        "meta": "@year_map",
        "userDefined": true
      },
      {
        "text": " year",
        "userDefined": false
      }
    ],
    "isTemplate": false,
    "count": 0
  },
  {
    "id": "1b335a78-25c4-4b9e-a734-9aa036f3850f",
    "data": [
      {
        "text": "what is the fees for ",
        "userDefined": false
      },
      {
        "text": "first",
        "alias": "year_map",
        "meta": "@year_map",
        "userDefined": true
      },
      {
        "text": " year",
        "userDefined": false
      }
    ],
    "isTemplate": false,
    "count": 0
  },
  {
    "id": "a60f19aa-435f-46b2-b3e6-342acf79be60",
    "data": [
      {
        "text": "what is childs fee structure",
        "userDefined": false
      }
    ],
    "isTemplate": false,
    "count": 0
  },
  {
    "id": "acdd8805-c0f5-4b95-8640-882fb226b972",
    "data": [
      {
        "text": "fee structure",
        "userDefined": false
      }
    ],
    "isTemplate": false,
    "count": 0
  },
  {
    "id": "65493eb5-ccdf-4e86-8513-b8f85c517ccb",
    "data": [
      {
        "text": "what is the fees",
        "userDefined": false
      }
    ],
    "isTemplate": false,
    "count": 1
  }
]