[
  {
    "id": "2c33d701-1822-48a9-9460-81f81122c64a",
    "data": [
      {
        "text": "show progress",
        "userDefined": false
      }
    ],
    "isTemplate": false,
    "count": 0
  },
  {
    "id": "5d403b1c-bfa2-43e6-9999-25e9eb8affb6",
    "data": [
      {
        "text": "compare performance",
        "userDefined": false
      }
    ],
    "isTemplate": false,
    "count": 0
  },
  {
    "id": "d2118a78-83c9-4746-931f-45a36ad7e472",
    "data": [
      {
        "text": "performance comparison for past sem",
        "userDefined": false
      }
    ],
    "isTemplate": false,
    "count": 0
  },
  {
    "id": "21efc3fa-ebfd-45e7-bee7-5590acfb00df",
    "data": [
      {
        "text": "show performance comparison",
        "userDefined": false
      }
    ],
    "isTemplate": false,
    "count": 0
  },
  {
    "id": "dc480942-0341-4a4d-a670-adc2e7298d57",
    "data": [
      {
        "text": "show childs growth",
        "userDefined": false
      }
    ],
    "isTemplate": false,
    "count": 0
  },
  {
    "id": "a9798086-5b39-4458-a35d-91baa666db35",
    "data": [
      {
        "text": "progress",
        "userDefined": false
      }
    ],
    "isTemplate": false,
    "count": 0
  },
  {
    "id": "7901815c-b31d-4fe5-9721-d12e3f7e9363",
    "data": [
      {
        "text": "Show the childs progress",
        "userDefined": false
      }
    ],
    "isTemplate": false,
    "count": 0
  },
  {
    "id": "cb4cd9a6-aebd-4dd7-8664-576464fc018c",
    "data": [
      {
        "text": "Compare ",
        "userDefined": false
      },
      {
        "text": "previous",
        "meta": "@sys.ignore",
        "userDefined": false
      },
      {
        "text": " and current marks",
        "userDefined": false
      }
    ],
    "isTemplate": false,
    "count": 0
  },
  {
    "id": "fd369f4f-b219-4047-8259-f5055ae7bce0",
    "data": [
      {
        "text": "Compare marks from past semester",
        "userDefined": false
      }
    ],
    "isTemplate": false,
    "count": 0
  },
  {
    "id": "0cbd6afa-63f5-4370-9e72-bbe840b248a8",
    "data": [
      {
        "text": "what is my childs progress",
        "userDefined": false
      }
    ],
    "isTemplate": false,
    "count": 0
  }
]