[
  {
    "id": "1ddce6af-6069-4765-a81b-d56cab7ce191",
    "data": [
      {
        "text": "who is the subject teacher for ",
        "userDefined": false
      },
      {
        "text": "OS",
        "alias": "subject",
        "meta": "@subject",
        "userDefined": true
      }
    ],
    "isTemplate": false,
    "count": 0
  },
  {
    "id": "1aad3bfe-aa03-4675-afac-7940f2dff5b5",
    "data": [
      {
        "text": "Data-networks",
        "alias": "subject",
        "meta": "@subject",
        "userDefined": true
      },
      {
        "text": " teacher",
        "userDefined": false
      }
    ],
    "isTemplate": false,
    "count": 0
  },
  {
    "id": "84a8a329-c3a6-4130-8319-57b0226ed270",
    "data": [
      {
        "text": "teacher for ",
        "userDefined": false
      },
      {
        "text": "MCAN",
        "alias": "subject",
        "meta": "@subject",
        "userDefined": true
      },
      {
        "text": " subject",
        "userDefined": false
      }
    ],
    "isTemplate": false,
    "count": 0
  },
  {
    "id": "8655f6d6-8b88-4867-ac8a-bf259f380394",
    "data": [
      {
        "text": "teacher for ",
        "userDefined": false
      },
      {
        "text": "OS",
        "alias": "subject",
        "meta": "@subject",
        "userDefined": true
      }
    ],
    "isTemplate": false,
    "count": 1
  },
  {
    "id": "c0ccf157-0a2a-4354-a10e-c24cd5b2fa8b",
    "data": [
      {
        "text": "OS",
        "alias": "subject",
        "meta": "@subject",
        "userDefined": true
      },
      {
        "text": " subject teacher",
        "userDefined": false
      }
    ],
    "isTemplate": false,
    "count": 0
  },
  {
    "id": "7000f704-d573-427d-b329-0753d6ea867f",
    "data": [
      {
        "text": "Who is assigned for ",
        "userDefined": false
      },
      {
        "text": "MCAN",
        "alias": "subject",
        "meta": "@subject",
        "userDefined": true
      },
      {
        "text": " subject",
        "userDefined": false
      }
    ],
    "isTemplate": false,
    "count": 0
  },
  {
    "id": "d8c380a7-aa5a-4453-bb21-02346b433ee0",
    "data": [
      {
        "text": "Who is assigned for ",
        "userDefined": false
      },
      {
        "text": "Operating-System",
        "alias": "subject",
        "meta": "@subject",
        "userDefined": true
      }
    ],
    "isTemplate": false,
    "count": 0
  },
  {
    "id": "6b662292-54c6-4f52-8c49-bbf58c4b5281",
    "data": [
      {
        "text": "Web-development",
        "alias": "subject",
        "meta": "@subject",
        "userDefined": true
      },
      {
        "text": " subject is taught by which professor",
        "userDefined": false
      }
    ],
    "isTemplate": false,
    "count": 0
  },
  {
    "id": "7f6d800b-9551-459f-aec2-ce8c1e7ea31c",
    "data": [
      {
        "text": "Web-Development",
        "alias": "subject",
        "meta": "@subject",
        "userDefined": true
      },
      {
        "text": " is taken by which teacher",
        "userDefined": false
      }
    ],
    "isTemplate": false,
    "count": 0
  },
  {
    "id": "0d3860b5-ac2c-437c-8fb9-c6ddfaa84832",
    "data": [
      {
        "text": "Web-Development",
        "alias": "subject",
        "meta": "@subject",
        "userDefined": true
      },
      {
        "text": " is taught by?",
        "userDefined": false
      }
    ],
    "isTemplate": false,
    "count": 0
  },
  {
    "id": "2341c0e7-b103-4732-aa0b-c335dc921434",
    "data": [
      {
        "text": "OS",
        "alias": "subject",
        "meta": "@subject",
        "userDefined": true
      },
      {
        "text": " subject is taught by?",
        "userDefined": false
      }
    ],
    "isTemplate": false,
    "count": 0
  },
  {
    "id": "37e56ffd-9b83-4b66-b681-8e579d595f04",
    "data": [
      {
        "text": "who takes ",
        "userDefined": false
      },
      {
        "text": "OS",
        "alias": "subject",
        "meta": "@subject",
        "userDefined": true
      }
    ],
    "isTemplate": false,
    "count": 0
  },
  {
    "id": "f54e6b44-fb38-43c0-b617-0b996904c58c",
    "data": [
      {
        "text": "which teacher teaches ",
        "userDefined": false
      },
      {
        "text": "OS",
        "alias": "subject",
        "meta": "@subject",
        "userDefined": true
      },
      {
        "text": " subject",
        "userDefined": false
      }
    ],
    "isTemplate": false,
    "count": 0
  }
]