[
  {
    "id": "f31cc15f-ceb0-4671-8eb6-f9da27d36d3e",
    "data": [
      {
        "text": "next",
        "alias": "sem_detection",
        "meta": "@sem_detection",
        "userDefined": false
      },
      {
        "text": " subjects",
        "userDefined": false
      }
    ],
    "isTemplate": false,
    "count": 0
  },
  {
    "id": "3359a46f-4470-4bbc-88a1-bf12047e4045",
    "data": [
      {
        "text": "previous",
        "alias": "sem_detection",
        "meta": "@sem_detection",
        "userDefined": false
      },
      {
        "text": " subjects",
        "userDefined": false
      }
    ],
    "isTemplate": false,
    "count": 1
  },
  {
    "id": "022ea6e9-f25a-471e-8a00-a028799f6f38",
    "data": [
      {
        "text": "past",
        "alias": "sem_detection",
        "meta": "@sem_detection",
        "userDefined": true
      },
      {
        "text": " subjects",
        "userDefined": false
      }
    ],
    "isTemplate": false,
    "count": 0
  },
  {
    "id": "d80142d8-1ad5-4030-92af-68765608ecc4",
    "data": [
      {
        "text": "subjects for ",
        "userDefined": false
      },
      {
        "text": "upcoming semester",
        "alias": "sem_detection",
        "meta": "@sem_detection",
        "userDefined": false
      }
    ],
    "isTemplate": false,
    "count": 0
  },
  {
    "id": "5c5a9a9b-a7ac-4260-a76e-f1bf7b0b426a",
    "data": [
      {
        "text": "what subjects are in ",
        "userDefined": false
      },
      {
        "text": "next",
        "alias": "sem_detection",
        "meta": "@sem_detection",
        "userDefined": false
      },
      {
        "text": " sem",
        "userDefined": false
      }
    ],
    "isTemplate": false,
    "count": 0
  },
  {
    "id": "debca645-bfcf-4526-876b-41ee3dd05dea",
    "data": [
      {
        "text": "future",
        "alias": "sem_detection",
        "meta": "@sem_detection",
        "userDefined": false
      },
      {
        "text": " subjects",
        "userDefined": false
      }
    ],
    "isTemplate": false,
    "count": 0
  },
  {
    "id": "d94314ea-efcf-4261-ad3b-213c91e98bcd",
    "data": [
      {
        "text": "which subjects were in ",
        "userDefined": false
      },
      {
        "text": "last",
        "alias": "sem_detection",
        "meta": "@sem_detection",
        "userDefined": false
      },
      {
        "text": " ",
        "userDefined": false
      },
      {
        "text": "sem",
        "meta": "@sys.ignore",
        "userDefined": false
      }
    ],
    "isTemplate": false,
    "count": 0
  },
  {
    "id": "1115b9d1-c7c9-456f-b695-4a5985a0337f",
    "data": [
      {
        "text": "what were the ",
        "userDefined": false
      },
      {
        "text": "previous",
        "alias": "sem_detection",
        "meta": "@sem_detection",
        "userDefined": false
      },
      {
        "text": " subjects",
        "userDefined": false
      }
    ],
    "isTemplate": false,
    "count": 0
  },
  {
    "id": "0f1c7922-43dd-4533-8b0e-7e32fae8075f",
    "data": [
      {
        "text": "tell me about past subjects",
        "userDefined": false
      }
    ],
    "isTemplate": false,
    "count": 1
  },
  {
    "id": "13d434ca-39ef-4872-bee6-04b2aa85549a",
    "data": [
      {
        "text": "what are the subjects for ",
        "userDefined": false
      },
      {
        "text": "next",
        "alias": "sem_detection",
        "meta": "@sem_detection",
        "userDefined": false
      },
      {
        "text": " semester",
        "userDefined": false
      }
    ],
    "isTemplate": false,
    "count": 0
  },
  {
    "id": "008fe88c-c436-4cfe-ba23-955becbdaf01",
    "data": [
      {
        "text": "what are the subjects of ",
        "userDefined": false
      },
      {
        "text": "past",
        "alias": "sem_detection",
        "meta": "@sem_detection",
        "userDefined": true
      },
      {
        "text": " semester",
        "userDefined": false
      }
    ],
    "isTemplate": false,
    "count": 2
  },
  {
    "id": "a6061c5d-343c-41cb-94b3-ffaa6bd43528",
    "data": [
      {
        "text": "what are the subjects for semester ",
        "userDefined": false
      },
      {
        "text": "5",
        "alias": "sem_no",
        "meta": "@sys.number",
        "userDefined": false
      }
    ],
    "isTemplate": false,
    "count": 0
  },
  {
    "id": "d1e958cb-dcc3-40d5-9a92-14e9b7c4b0ef",
    "data": [
      {
        "text": "what are the subjects for sem ",
        "userDefined": false
      },
      {
        "text": "5",
        "alias": "sem_no",
        "meta": "@sys.number",
        "userDefined": false
      }
    ],
    "isTemplate": false,
    "count": 0
  },
  {
    "id": "113bc839-3af3-4676-adb6-9411002a8398",
    "data": [
      {
        "text": "what subjects are for sem ",
        "userDefined": false
      },
      {
        "text": "5",
        "alias": "sem_no",
        "meta": "@sys.number",
        "userDefined": false
      }
    ],
    "isTemplate": false,
    "count": 0
  },
  {
    "id": "b619d49c-3a3f-4512-8db7-2495278705f1",
    "data": [
      {
        "text": "current sem ",
        "userDefined": false
      },
      {
        "text": "5",
        "alias": "sem_no",
        "meta": "@sys.number",
        "userDefined": false
      },
      {
        "text": " subjects",
        "userDefined": false
      }
    ],
    "isTemplate": false,
    "count": 0
  },
  {
    "id": "9ab39d70-5836-4e32-8935-f80d1d069157",
    "data": [
      {
        "text": "tell me about sem ",
        "userDefined": false
      },
      {
        "text": "5",
        "alias": "sem_no",
        "meta": "@sys.number",
        "userDefined": false
      },
      {
        "text": " subjects",
        "userDefined": false
      }
    ],
    "isTemplate": false,
    "count": 0
  },
  {
    "id": "29363c35-1691-4eb1-96d8-311171ed4c79",
    "data": [
      {
        "text": "Sem ",
        "userDefined": false
      },
      {
        "text": "5",
        "alias": "sem_no",
        "meta": "@sys.number",
        "userDefined": false
      },
      {
        "text": " subjects",
        "userDefined": false
      }
    ],
    "isTemplate": false,
    "count": 0
  },
  {
    "id": "5eac3b45-dc52-4fa0-a3de-86cffd081bcb",
    "data": [
      {
        "text": "Semester ",
        "userDefined": false
      },
      {
        "text": "5",
        "alias": "sem_no",
        "meta": "@sys.number",
        "userDefined": false
      },
      {
        "text": " subjects",
        "userDefined": false
      }
    ],
    "isTemplate": false,
    "count": 0
  },
  {
    "id": "038f58d4-0aa9-4fa0-babc-5d21728c11f3",
    "data": [
      {
        "text": "what subjects is my child studying",
        "userDefined": false
      }
    ],
    "isTemplate": false,
    "count": 0
  },
  {
    "id": "112ddbe0-7336-4d27-bef4-e6ec3a767ccd",
    "data": [
      {
        "text": "what are childs subjects right now",
        "userDefined": false
      }
    ],
    "isTemplate": false,
    "count": 0
  },
  {
    "id": "ef000b98-6a09-4712-91d5-4c246560877e",
    "data": [
      {
        "text": "current subjects",
        "userDefined": false
      }
    ],
    "isTemplate": false,
    "count": 0
  },
  {
    "id": "5027550d-37ef-443a-abd7-780ef1aaf892",
    "data": [
      {
        "text": "tell me current sem subjects",
        "userDefined": false
      }
    ],
    "isTemplate": false,
    "count": 0
  },
  {
    "id": "03d26c75-3452-473d-81c9-5a926f672460",
    "data": [
      {
        "text": "tell  me this sem subjects",
        "userDefined": false
      }
    ],
    "isTemplate": false,
    "count": 0
  },
  {
    "id": "2eb22f5d-a101-40fc-bef7-9a44cb1a0555",
    "data": [
      {
        "text": "subject information",
        "userDefined": false
      }
    ],
    "isTemplate": false,
    "count": 0
  },
  {
    "id": "9d80dd56-9dd8-4ad6-a782-853ba46260ce",
    "data": [
      {
        "text": "What are the subjects for this semester",
        "userDefined": false
      }
    ],
    "isTemplate": false,
    "count": 0
  },
  {
    "id": "22939882-aab0-4f2e-805a-f0a9272e2eb1",
    "data": [
      {
        "text": "subjects for current semester",
        "userDefined": false
      }
    ],
    "isTemplate": false,
    "count": 0
  },
  {
    "id": "5285caf3-8470-4692-a650-9c761718cc6f",
    "data": [
      {
        "text": "current sem subjects",
        "userDefined": false
      }
    ],
    "isTemplate": false,
    "count": 0
  },
  {
    "id": "4fd32e3f-de23-4b34-b0f8-3a9bfdf4b67e",
    "data": [
      {
        "text": "Subjects",
        "userDefined": false
      }
    ],
    "isTemplate": false,
    "count": 0
  },
  {
    "id": "89ada89f-dcf2-4852-a57c-dfb6e49c1e65",
    "data": [
      {
        "text": "This semester subject",
        "userDefined": false
      }
    ],
    "isTemplate": false,
    "count": 0
  },
  {
    "id": "4f179240-1fd2-4673-b4d6-fafa6f65b13c",
    "data": [
      {
        "text": "What are the subjects this semester",
        "userDefined": false
      }
    ],
    "isTemplate": false,
    "count": 0
  }
]